<?xml version="1.0" encoding="UTF-8"?>

<mule xmlns:http="http://www.mulesoft.org/schema/mule/http" xmlns:tracking="http://www.mulesoft.org/schema/mule/ee/tracking" xmlns:file="http://www.mulesoft.org/schema/mule/file" xmlns:dw="http://www.mulesoft.org/schema/mule/ee/dw" xmlns:db="http://www.mulesoft.org/schema/mule/db" xmlns:metadata="http://www.mulesoft.org/schema/mule/metadata" xmlns="http://www.mulesoft.org/schema/mule/core" xmlns:doc="http://www.mulesoft.org/schema/mule/documentation"
	xmlns:spring="http://www.springframework.org/schema/beans" 
	xmlns:xsi="http://www.w3.org/2001/XMLSchema-instance"
	xsi:schemaLocation="http://www.springframework.org/schema/beans http://www.springframework.org/schema/beans/spring-beans-current.xsd
http://www.mulesoft.org/schema/mule/core http://www.mulesoft.org/schema/mule/core/current/mule.xsd
http://www.mulesoft.org/schema/mule/db http://www.mulesoft.org/schema/mule/db/current/mule-db.xsd
http://www.mulesoft.org/schema/mule/file http://www.mulesoft.org/schema/mule/file/current/mule-file.xsd
http://www.mulesoft.org/schema/mule/ee/dw http://www.mulesoft.org/schema/mule/ee/dw/current/dw.xsd
http://www.mulesoft.org/schema/mule/ee/tracking http://www.mulesoft.org/schema/mule/ee/tracking/current/mule-tracking-ee.xsd
http://www.mulesoft.org/schema/mule/http http://www.mulesoft.org/schema/mule/http/current/mule-http.xsd">
	<db:mysql-config name="MySQL_Configuration" host="localhost" port="3306" user="root" database="ggaebd" doc:name="MySQL Configuration"/>
	<http:request-config name="HTTP_Request_Configuration" host="personales.upv.es" port="80" doc:name="HTTP Request Configuration"/>
	<flow name="httpAlumnos-Ejercico1" initialState="started">
		<poll doc:name="Poll">
			<fixed-frequency-scheduler frequency="200" timeUnit="SECONDS"/>
			<http:request config-ref="HTTP_Request_Configuration" path="/pedvalar/iap/ggae/entregable1/alumnos.csv" method="GET" doc:name="HTTP"/>
		</poll>
		<object-to-string-transformer doc:name="Object to String"/>
		<flow-ref name="dbAlumnos-Ejercicio1" doc:name="Guardar Alumnos"/>
	</flow>
	<flow name="httpAlumnosAsignatura-IAP-Ejercicio2" initialState="started">
		<poll doc:name="Poll">
			<fixed-frequency-scheduler frequency="200" timeUnit="SECONDS"/>
			<http:request config-ref="HTTP_Request_Configuration" path="/pedvalar/iap/ggae/entregable1/IAP.2021.csv" method="GET" doc:name="HTTP"/>
		</poll>
		<object-to-string-transformer doc:name="Object to String"/>
		<set-variable variableName="asignatura" value="IAP.2021" doc:name="Variable"/>
		<flow-ref name="dbAlumnosAsignatura-Ejercicio2" doc:name="Guardar Alumnos Asignatura"/>
	</flow>
	<flow name="httpAlumnosAsignatura-DCU-Ejercicio2" initialState="started">
		<poll doc:name="Poll">
			<fixed-frequency-scheduler frequency="200" timeUnit="SECONDS"/>
			<http:request config-ref="HTTP_Request_Configuration" path="/pedvalar/iap/ggae/entregable1/DCU.2021.csv" method="GET" doc:name="HTTP"/>
		</poll>
		<object-to-string-transformer doc:name="Object to String"/>
		<set-variable variableName="asignatura" value="DCU.2021" doc:name="Variable"/>
		<flow-ref name="dbAlumnosAsignatura-Ejercicio2" doc:name="Guardar Alumnos Asignatura"/>
	</flow>
	<flow name="httpAlumnosAsignatura-DEW-Ejercicio2" initialState="started">
		<poll doc:name="Poll">
			<fixed-frequency-scheduler frequency="200" timeUnit="SECONDS"/>
			<http:request config-ref="HTTP_Request_Configuration" path="/pedvalar/iap/ggae/entregable1/DEW.2021.csv" method="GET" doc:name="HTTP"/>
		</poll>
		<object-to-string-transformer doc:name="Object to String"/>
		<set-variable variableName="asignatura" value="DEW.2021" doc:name="Variable"/>
		<flow-ref name="dbAlumnosAsignatura-Ejercicio2" doc:name="Guardar Alumnos Asignatura"/>
	</flow>
	<flow name="httpAlumnosGrupo-IAP-Ejercicio3" initialState="started">
		<poll doc:name="Poll">
			<fixed-frequency-scheduler frequency="200" timeUnit="SECONDS"/>
			<http:request config-ref="HTTP_Request_Configuration" path="/pedvalar/iap/ggae/entregable1/IAP.2021.grupos.json" method="GET" doc:name="HTTP"/>
		</poll>
		<object-to-string-transformer doc:name="Object to String"/>
		<set-variable variableName="asignatura" value="IAP.2021" doc:name="Variable"/>
		<flow-ref name="dbAlumnoGrupo-Ejercicio3" doc:name="Guardar Alumnos Grupo"/>
	</flow>
	<flow name="httpAlumnosGrupo-DCU-Ejercicio3" initialState="started">
		<poll doc:name="Poll">
			<fixed-frequency-scheduler frequency="200" timeUnit="SECONDS"/>
			<http:request config-ref="HTTP_Request_Configuration" path="/pedvalar/iap/ggae/entregable1/DCU.2021.grupos.json" method="GET" doc:name="HTTP"/>
		</poll>
		<object-to-string-transformer doc:name="Object to String"/>
		<set-variable variableName="asignatura" value="DCU.2021" doc:name="Variable"/>
		<flow-ref name="dbAlumnoGrupo-Ejercicio3" doc:name="Guardar Alumnos Grupo"/>
	</flow>
	<flow name="httpAlumnosGrupo-DEW-Ejercicio3" initialState="started">
		<poll doc:name="Poll">
			<fixed-frequency-scheduler frequency="200" timeUnit="SECONDS"/>
			<http:request config-ref="HTTP_Request_Configuration" path="/pedvalar/iap/ggae/entregable1/DEW.2021.grupos.json" method="GET" doc:name="HTTP"/>
		</poll>
		<object-to-string-transformer doc:name="Object to String"/>
		<set-variable variableName="asignatura" value="DEW.2021" doc:name="Variable"/>
		<flow-ref name="dbAlumnoGrupo-Ejercicio3" doc:name="Guardar Alumnos Grupo"/>
	</flow>
	<flow name="httpEntregas-E1-Ejercicio4" initialState="started">
		<poll doc:name="Poll">
			<fixed-frequency-scheduler frequency="200" timeUnit="SECONDS"/>
			<http:request config-ref="HTTP_Request_Configuration" path="/pedvalar/iap/ggae/entregable1/entregas.2021.ACTO.E1.json" method="GET" doc:name="HTTP"/>
		</poll>
		<object-to-string-transformer doc:name="Object to String"/>
		<flow-ref name="dbEntrega-Ejercicio4" doc:name="Guardar Entregas"/>
	</flow>
	<flow name="httpEntregas-E2-Ejercicio4" initialState="started">
		<poll doc:name="Poll">
			<fixed-frequency-scheduler frequency="200" timeUnit="SECONDS"/>
			<http:request config-ref="HTTP_Request_Configuration" path="/pedvalar/iap/ggae/entregable1/entregas.2021.ACTO.E2.json" method="GET" doc:name="HTTP"/>
		</poll>
		<object-to-string-transformer doc:name="Object to String"/>
		<flow-ref name="dbEntrega-Ejercicio4" doc:name="Guardar Entregas"/>
	</flow>
	<flow name="httpEntregas-E3-Ejercicio4" initialState="started">
		<poll doc:name="Poll">
			<fixed-frequency-scheduler frequency="200" timeUnit="SECONDS"/>
			<http:request config-ref="HTTP_Request_Configuration" path="/pedvalar/iap/ggae/entregable1/entregas.2021.ACTO.E3.json" method="GET" doc:name="HTTP"/>
		</poll>
		<object-to-string-transformer doc:name="Object to String"/>
		<flow-ref name="dbEntrega-Ejercicio4" doc:name="Guardar Entregas"/>
	</flow>
	<flow name="leerAlumnos-Ejercicio1" initialState="started">
		<file:inbound-endpoint path="C:\Users\Administrador.WIN-2O4P6U7CI32\Downloads\IAP - ProyectoABP - GGAE - Entregable1\documentos-intercambio\1 - alumnos" responseTimeout="10000" doc:name="File">
			<file:filename-regex-filter pattern=".+\.csv" caseSensitive="true"/>
		</file:inbound-endpoint>
		<file:file-to-string-transformer doc:name="File to String"/>
		<flow-ref name="dbAlumnos-Ejercicio1" doc:name="Guardar Alumnos"/>
	</flow>
	<flow name="leerAlumnoAsignatura-Ejercicio2" initialState="started">
		<file:inbound-endpoint path="C:\Users\Administrador.WIN-2O4P6U7CI32\Downloads\IAP - ProyectoABP - GGAE - Entregable1\documentos-intercambio\2 - alumnos_asignaturas" responseTimeout="10000" doc:name="File">
			<file:filename-regex-filter pattern=".+\.csv" caseSensitive="true"/>
		</file:inbound-endpoint>
		<file:file-to-string-transformer doc:name="File to String"/>
		<set-variable variableName="asignatura" value="#[message.inboundProperties.originalFilename.substring(0,8)]" doc:name="Variable"/>
		<flow-ref name="dbAlumnosAsignatura-Ejercicio2" doc:name="Guardar Alumno Asignatura"/>
	</flow>
	<flow name="leerAlumnoGrupo-Ejercicio3" initialState="started">
		<file:inbound-endpoint path="C:\Users\Administrador.WIN-2O4P6U7CI32\Downloads\IAP - ProyectoABP - GGAE - Entregable1\documentos-intercambio\3 - grupos" responseTimeout="10000" doc:name="File">
			<file:filename-regex-filter pattern=".+\.json" caseSensitive="true"/>
		</file:inbound-endpoint>
		<file:file-to-string-transformer doc:name="File to String"/>
		<set-variable variableName="asignatura" value="#[message.inboundProperties.originalFilename.substring(0,8)]" doc:name="Variable"/>
		<flow-ref name="dbAlumnoGrupo-Ejercicio3" doc:name="Guardar Alumno Grupo"/>
	</flow>
	<flow name="leerEntrega-Ejercicio4" initialState="started">
		<file:inbound-endpoint path="C:\Users\Administrador.WIN-2O4P6U7CI32\Downloads\IAP - ProyectoABP - GGAE - Entregable1\documentos-intercambio\4 - entregas (notas)" responseTimeout="10000" doc:name="File">
			<file:filename-regex-filter pattern=".+\.json" caseSensitive="true"/>
		</file:inbound-endpoint>
		<file:file-to-string-transformer doc:name="File to String"/>
		<flow-ref name="dbEntrega-Ejercicio4" doc:name="Guardar Entrega"/>
	</flow>
	<flow name="leerIndividualJson-Ejercicio5" initialState="started">
		<file:inbound-endpoint path="C:\Users\Administrador.WIN-2O4P6U7CI32\Downloads\IAP - ProyectoABP - GGAE - Entregable1\documentos-intercambio\5 - Solicitud generarPADRINO" responseTimeout="10000" doc:name="File">
			<file:filename-regex-filter pattern=".+\.json" caseSensitive="true"/>
		</file:inbound-endpoint>
		<file:file-to-string-transformer doc:name="File to String"/>
		<dw:transform-message doc:name="Transform Message" metadata:id="ff5f255a-668f-4b75-816b-096ea8521c5c">
			<dw:input-payload mimeType="application/json"/>
			<dw:set-payload><![CDATA[%dw 1.0
%output application/java
---
{
	acto: payload.acto-evaluacion
}]]></dw:set-payload>
		</dw:transform-message>
		<flow-ref name="guardarIndividual-Ejercicio5" doc:name="Grades JSON"/>
	</flow>
	<flow name="leerIndividualXML-Ejercicio5" initialState="started">
		<file:inbound-endpoint path="C:\Users\Administrador.WIN-2O4P6U7CI32\Downloads\IAP - ProyectoABP - GGAE - Entregable1\documentos-intercambio\5 - Solicitud generarPADRINO" responseTimeout="10000" doc:name="File">
			<file:filename-regex-filter pattern=".+\.xml" caseSensitive="true"/>
		</file:inbound-endpoint>
		<file:file-to-string-transformer doc:name="File to String"/>
		<dw:transform-message doc:name="Transform Message" metadata:id="0df15e9b-cf1c-42b6-a16b-4bce3d10eab1">
			<dw:input-payload mimeType="application/xml"/>
			<dw:set-payload><![CDATA[%dw 1.0
%output application/java
---
{
	acto: payload.ActoEvaluacion
}]]></dw:set-payload>
		</dw:transform-message>
		<flow-ref name="guardarIndividual-Ejercicio5" doc:name="Grades XML"/>
	</flow>
	<flow name="leerIndividualCSV-Ejercicio5" initialState="started">
		<file:inbound-endpoint path="C:\Users\Administrador.WIN-2O4P6U7CI32\Downloads\IAP - ProyectoABP - GGAE - Entregable1\documentos-intercambio\5 - Solicitud generarPADRINO" responseTimeout="10000" doc:name="File">
			<file:filename-regex-filter pattern=".+\.csv" caseSensitive="true"/>
		</file:inbound-endpoint>
		<file:file-to-string-transformer doc:name="File to String"/>
		<dw:transform-message doc:name="Transform Message" metadata:id="b5f5d3d4-05bc-4660-b0f9-3f26d073b445">
			<dw:input-payload mimeType="application/csv">
				<dw:reader-property name="header" value="false"/>
			</dw:input-payload>
			<dw:set-payload><![CDATA[%dw 1.0
%output application/java
---
payload map ((payload01 , indexOfPayload01) -> {
	acto: payload01.column_0
})]]></dw:set-payload>
		</dw:transform-message>
		<foreach doc:name="For Each">
			<flow-ref name="guardarIndividual-Ejercicio5" doc:name="Grades CSV"/>
		</foreach>
	</flow>
	<sub-flow name="dbAlumnos-Ejercicio1">
		<dw:transform-message doc:name="Transform Message" metadata:id="41713e53-3d96-4cee-89b8-98977a153371">
			<dw:input-payload doc:sample="sample_data\list_csv.csv" mimeType="application/csv">
				<dw:reader-property name="header" value="false"/>
			</dw:input-payload>
			<dw:set-payload><![CDATA[%dw 1.0
%output application/java
---
payload map ((payload01 , indexOfPayload01) -> {
	apellidos: payload01.column_0,
	nombre: payload01.column_1,
	dni: payload01.column_2,
	email: payload01.column_3
})]]></dw:set-payload>
		</dw:transform-message>
		<foreach doc:name="For Each">
			<db:insert config-ref="MySQL_Configuration" doc:name="Database">
				<db:parameterized-query><![CDATA[Insert into alumnos(apellidos, nombre, dni, email) VALUES(#[payload.apellidos.trim()], #[payload.nombre.trim()], #[payload.dni.trim()], #[payload.email.trim()]);]]></db:parameterized-query>
			</db:insert>
		</foreach>
	</sub-flow>
	<sub-flow name="dbAlumnosAsignatura-Ejercicio2">
		<dw:transform-message doc:name="Transform Message" metadata:id="23ce6fcb-8d0f-4dbe-a0a5-e645ac0b0b11">
			<dw:input-payload mimeType="application/csv">
				<dw:reader-property name="header" value="false"/>
			</dw:input-payload>
			<dw:set-payload><![CDATA[%dw 1.0
%output application/java
---
payload map ((payload01 , indexOfPayload01) -> {
	dni: payload01.column_0
})]]></dw:set-payload>
		</dw:transform-message>
		<foreach doc:name="For Each">
			<db:insert config-ref="MySQL_Configuration" doc:name="Database">
				<db:parameterized-query><![CDATA[INSERT INTO alumnos_asignaturas(asignatura, alumno) VALUES(#[flowVars.asignatura.trim()], #[payload.dni.trim()]);]]></db:parameterized-query>
			</db:insert>
		</foreach>
	</sub-flow>
	<sub-flow name="dbAlumnoGrupo-Ejercicio3">
		<dw:transform-message doc:name="Transform Message" metadata:id="17043ff2-1fce-41ee-a6ec-de9da952f827">
			<dw:input-payload mimeType="application/json"/>
			<dw:set-payload><![CDATA[%dw 1.0
%output application/java
---
payload map ((payload01 , indexOfPayload01) -> {
	grupo: payload01.grupo as :string,
	asignatura: payload01.asignatura,
	alumnos: payload01.alumnos map ((alumno , indexOfAlumno) -> alumno)
})]]></dw:set-payload>
		</dw:transform-message>
		<foreach doc:name="For Each">
			<set-variable variableName="grupo" value="#[payload.grupo]" doc:name="Variable"/>
			<scatter-gather doc:name="Scatter-Gather">
				<db:insert config-ref="MySQL_Configuration" doc:name="Database">
					<db:parameterized-query><![CDATA[INSERT INTO grupos(id, asignatura) VALUES(#[payload.grupo], #[flowVars.asignatura]);]]></db:parameterized-query>
				</db:insert>
				<foreach collection="#[payload.alumnos]" doc:name="For Each">
					<db:select config-ref="MySQL_Configuration" doc:name="Database">
						<db:parameterized-query><![CDATA[SELECT dni FROM alumnos WHERE email=#[payload.trim()];]]></db:parameterized-query>
					</db:select>
					<db:insert config-ref="MySQL_Configuration" doc:name="Database">
						<db:parameterized-query><![CDATA[INSERT alumnos_grupos(grupo, alumno) VALUES(#[flowVars.grupo], #[payload.get(0).dni.trim()]);]]></db:parameterized-query>
					</db:insert>
				</foreach>
			</scatter-gather>
		</foreach>
	</sub-flow>
	<sub-flow name="dbEntrega-Ejercicio4">
		<dw:transform-message doc:name="Transform Message" metadata:id="b3694b4d-0264-4e63-862f-2b268a2e2f9a">
			<dw:input-payload mimeType="application/json"/>
			<dw:set-payload><![CDATA[%dw 1.0
%output application/java
---
payload map ((payload01 , indexOfPayload01) -> {
	grupo: payload01.grupo,
	acto_eval: payload01.acto-eval,
	nota: payload01.nota,
	a_tiempo: payload01.a-tiempo
})]]></dw:set-payload>
		</dw:transform-message>
		<foreach doc:name="For Each">
			<db:insert config-ref="MySQL_Configuration" doc:name="Database">
				<db:parameterized-query><![CDATA[INSERT entregas(grupo, acto_ev, nota, a_tiempo) VALUES(#[payload.grupo], #[payload.acto_eval.trim()], #[payload.nota], #[payload.a_tiempo]);]]></db:parameterized-query>
			</db:insert>
		</foreach>
	</sub-flow>
	<sub-flow name="guardarIndividual-Ejercicio5">
		<set-payload value="#[payload.acto]" doc:name="Set Payload"/>
		<set-variable variableName="acto" value="#[payload]" doc:name="Variable"/>
		<db:select config-ref="MySQL_Configuration" doc:name="Database">
			<db:parameterized-query><![CDATA[SELECT a.dni, a.nombre, a.apellidos, e.nota, e.a_tiempo
FROM alumnos a, entregas e
WHERE a.dni IN (
Select ag.alumno
From alumnos_grupos ag
Where ag.grupo = e.grupo and e.acto_ev=#[payload])
Order by e.nota DESC;]]></db:parameterized-query>
		</db:select>
		<custom-transformer class="proyecto.Generate" doc:name="Java"/>
		<file:outbound-endpoint path="C:\Users\Administrador.WIN-2O4P6U7CI32\Desktop" outputPattern="grades.csv" responseTimeout="10000" doc:name="File"/>

	</sub-flow>
</mule>
