<?xml version="1.0" encoding="UTF-8"?>

<mule xmlns:dw="http://www.mulesoft.org/schema/mule/ee/dw" xmlns:db="http://www.mulesoft.org/schema/mule/db" xmlns:ws="http://www.mulesoft.org/schema/mule/ws" xmlns:metadata="http://www.mulesoft.org/schema/mule/metadata" xmlns:json="http://www.mulesoft.org/schema/mule/json" xmlns:http="http://www.mulesoft.org/schema/mule/http" xmlns:tracking="http://www.mulesoft.org/schema/mule/ee/tracking" xmlns="http://www.mulesoft.org/schema/mule/core" xmlns:doc="http://www.mulesoft.org/schema/mule/documentation"
	xmlns:spring="http://www.springframework.org/schema/beans" 
	xmlns:xsi="http://www.w3.org/2001/XMLSchema-instance"
	xsi:schemaLocation="http://www.springframework.org/schema/beans http://www.springframework.org/schema/beans/spring-beans-current.xsd
http://www.mulesoft.org/schema/mule/core http://www.mulesoft.org/schema/mule/core/current/mule.xsd
http://www.mulesoft.org/schema/mule/db http://www.mulesoft.org/schema/mule/db/current/mule-db.xsd
http://www.mulesoft.org/schema/mule/http http://www.mulesoft.org/schema/mule/http/current/mule-http.xsd
http://www.mulesoft.org/schema/mule/ee/tracking http://www.mulesoft.org/schema/mule/ee/tracking/current/mule-tracking-ee.xsd
http://www.mulesoft.org/schema/mule/json http://www.mulesoft.org/schema/mule/json/current/mule-json.xsd
http://www.mulesoft.org/schema/mule/ee/dw http://www.mulesoft.org/schema/mule/ee/dw/current/dw.xsd
http://www.mulesoft.org/schema/mule/ws http://www.mulesoft.org/schema/mule/ws/current/mule-ws.xsd">
	<http:listener-config name="HTTP_Listener_Configuration" host="localhost" port="8081" doc:name="HTTP Listener Configuration"/>
	<db:mysql-config name="MySQL_Configuration" host="localhost" port="3306" user="root" database="ggaebd" doc:name="MySQL Configuration"/>
	<ws:consumer-config name="Web_Service_Consumer" wsdlLocation="http://pedvalar.webs.upv.es/soap/iap/calculoderesultados/direccionpostal.php?wsdl" service="direccionPostal" port="direccionPostalPort" serviceAddress="http://pedvalar.webs.upv.es/soap/iap/calculoderesultados/direccionpostal.php" doc:name="Web Service Consumer"/>
	<flow name="GetAlumnos-Ejercicio1">
		<http:listener config-ref="HTTP_Listener_Configuration" path="/alumnos" allowedMethods="GET" doc:name="HTTP"/>
		<set-variable variableName="accept" value="#[message.inboundProperties.accept]" doc:name="Accept"/>
		<db:select config-ref="MySQL_Configuration" doc:name="Database">
			<db:parameterized-query><![CDATA[Select dni, nombre, apellidos
From Alumnos;]]></db:parameterized-query>
		</db:select>
		<choice doc:name="Choice">
			<when expression="#[flowVars.accept=='application/xml']">
				<dw:transform-message doc:name="Transform Message" metadata:id="a8f1dda8-e5e7-4d08-8aca-5f091f5b6114">
					<dw:set-payload><![CDATA[%dw 1.0
%output application/xml
---
{
	alumnos: {
		(payload map ((payload01 , indexOfPayload01) -> {
			alumno: {
				dni: payload01.dni,
				nombre: payload01.nombre,
				apellidos: payload01.apellidos
			}
		}))
	}
}]]></dw:set-payload>
				</dw:transform-message>
			</when>
			<otherwise>
				<json:object-to-json-transformer doc:name="Object to JSON"/>
			</otherwise>
		</choice>
	</flow>
	<flow name="GetAsignaturas-Ejercicio2y3">
		<http:listener config-ref="HTTP_Listener_Configuration" path="/asignaturas" allowedMethods="GET" doc:name="HTTP"/>
		<set-variable variableName="Accept" value="#[message.inboundProperties.accept]" doc:name="Accept"/>
		<choice doc:name="Choice">
			<when expression="#[message.inboundProperties.'http.query.params'.anyo!=null]">
				<db:select config-ref="MySQL_Configuration" doc:name="Database">
					<db:parameterized-query><![CDATA[Select id_asig, anyo, acronimo
From asignaturas
Where anyo=#[message.inboundProperties.'http.query.params'.anyo]]]></db:parameterized-query>
				</db:select>
				<flow-ref name="asignaturas" doc:name="asignaturas"/>
			</when>
			<otherwise>
				<db:select config-ref="MySQL_Configuration" doc:name="Database">
					<db:parameterized-query><![CDATA[Select id_asig, anyo, acronimo
From asignaturas]]></db:parameterized-query>
				</db:select>
				<flow-ref name="asignaturas" doc:name="asingaturas"/>
			</otherwise>
		</choice>
	</flow>
	<sub-flow name="asignaturas">
		<choice doc:name="Choice">
			<when expression="#[flowVars.Accept=='application/xml']">
				<dw:transform-message doc:name="Transform Message" metadata:id="bf7096de-1911-4fdc-a701-350f19703420">
					<dw:set-payload><![CDATA[%dw 1.0
%output application/xml
---
{
	asignaturas: {
		(payload map ((payload01 , indexOfPayload01) -> {
			asignatura: {
				id_asig: payload01.id_asig,
				acronimo: payload01.acronimo,
				anyo: payload01.anyo as :string
			}
		}))
	}
}]]></dw:set-payload>
				</dw:transform-message>
			</when>
			<otherwise>
				<json:object-to-json-transformer doc:name="Object to JSON"/>
			</otherwise>
		</choice>
	</sub-flow>
	<flow name="GetInfoGrupos-Ejercicio4">
		<http:listener config-ref="HTTP_Listener_Configuration" path="/grupos" allowedMethods="GET" doc:name="HTTP"/>
		<set-variable variableName="Accept" value="#[message.inboundProperties.accept]" doc:name="Accept"/>
		<db:select config-ref="MySQL_Configuration" doc:name="Database">
			<db:parameterized-query><![CDATA[Select id, activo
From grupos 
Where asignatura=#[message.inboundProperties.'http.query.params'.asig]]]></db:parameterized-query>
		</db:select>
		<collection-splitter doc:name="Collection Splitter"/>
		<set-variable variableName="id" value="#[payload.id]" doc:name="id_grupo"/>
		<set-variable variableName="activo" value="#[payload.activo]" doc:name="activo_grupo"/>
		<db:select config-ref="MySQL_Configuration" doc:name="Database">
			<db:parameterized-query><![CDATA[Select nombre, dni, apellidos
From alumnos
Where dni IN (Select alumno
		      From alumnos_grupos
		      Where grupo=#[flowVars.id])]]></db:parameterized-query>
		</db:select>
		<dw:transform-message doc:name="Transform Message" metadata:id="a01cea48-2376-44af-b77b-1dd5751140ac">
			<dw:set-payload><![CDATA[%dw 1.0
%output application/java
---
{
	id: flowVars.id,
	activo: flowVars.activo,
	alumnos: payload map ((payload01 , indexOfPayload01) -> {
		dni: payload01.dni,
		nombre: payload01.nombre,
		apellidos: payload01.apellidos
	})
}]]></dw:set-payload>
		</dw:transform-message>
		<collection-aggregator failOnTimeout="true" doc:name="Collection Aggregator"/>
		<choice doc:name="Choice">
			<when expression="#[flowVars.Accept=='application/xml']">
				<dw:transform-message doc:name="Transform Message" metadata:id="30a7a73a-f803-4fe8-85fa-7074a33b6e32">
					<dw:set-payload><![CDATA[%dw 1.0
%output application/xml
---
{
	grupos: {
		(payload map ((payload01 , indexOfPayload01) -> {
			grupo: {
				id: payload01.id as :string,
				activo: payload01.activo as :string,
				alumnos: {
					(payload01.alumnos map ((alumno , indexOfAlumno) -> {
						alumno: {
							dni: alumno.dni,
							nombre: alumno.nombre,
							apellidos: alumno.apellidos
						}
					}))
				}
			}
		}))
	}
}]]></dw:set-payload>
				</dw:transform-message>
			</when>
			<otherwise>
				<json:object-to-json-transformer doc:name="Object to JSON"/>
			</otherwise>
		</choice>
	</flow>
	<flow name="GetEntregasGrupo-Ejercicio5">
		<http:listener config-ref="HTTP_Listener_Configuration" path="/entregas" allowedMethods="GET" doc:name="HTTP"/>
		<set-variable variableName="Accept" value="#[message.inboundProperties.accept]" doc:name="Accept"/>
		<db:select config-ref="MySQL_Configuration" doc:name="Database">
			<db:parameterized-query><![CDATA[Select e.nota, e.a_tiempo, ae.nombre, ae.fecha_entrega, ae.asignatura
From entregas e, actos_evaluacion ae
Where grupo=#[message.inboundProperties.'http.query.params'.grupo] and e.acto_ev=ae.id;]]></db:parameterized-query>
		</db:select>
		<choice doc:name="Choice">
			<when expression="#[flowVars.Accept=='application/xml']">
				<dw:transform-message doc:name="Transform Message" metadata:id="5f84c9f7-f0cc-4174-9164-22077db6f1e9">
					<dw:set-payload><![CDATA[%dw 1.0
%output application/xml
---
{
	entregas: {
		(payload map ((payload01 , indexOfPayload01) -> {
			entrega: {
				nombre: payload01.nombre,
				nota: payload01.nota as :string,
				asignatura: payload01.asignatura,
				fecha_entrega: payload01.fecha_entrega as :string,
				a_tiempo: payload01.a_tiempo as :string
			}
		}))
	}
}]]></dw:set-payload>
				</dw:transform-message>
			</when>
			<otherwise>
				<json:object-to-json-transformer doc:name="Object to JSON"/>
			</otherwise>
		</choice>
	</flow>
	<flow name="GetDetallesAsignatura-Ejercicio6">
		<http:listener config-ref="HTTP_Listener_Configuration" path="/asignaturas/{id}" allowedMethods="GET" doc:name="HTTP"/>
		<set-variable variableName="Accept" value="#[message.inboundProperties.accept]" doc:name="Accept"/>
		<db:select config-ref="MySQL_Configuration" doc:name="Database">
			<db:parameterized-query><![CDATA[Select nombre, acronimo, anyo, id_asig, creditos, cuatrimestre
From asignaturas
Where id_asig=#[message.inboundProperties.'http.uri.params'.id]]]></db:parameterized-query>
		</db:select>
		<set-variable variableName="nombre" value="#[payload.get(0).nombre]" doc:name="nombre"/>
		<set-variable variableName="acronimo" value="#[payload.get(0).acronimo]" doc:name="acronimo"/>
		<set-variable variableName="anyo" value="#[payload.get(0).anyo]" doc:name="anyo"/>
		<set-variable variableName="id_asig" value="#[payload.get(0).id_asig]" doc:name="id_asig"/>
		<set-variable variableName="creditos" value="#[payload.get(0).creditos]" doc:name="creditos"/>
		<set-variable variableName="cuatrimestre" value="#[payload.get(0).cuatrimestre]" doc:name="cuatrimestre"/>
		<db:select config-ref="MySQL_Configuration" doc:name="Database">
			<db:parameterized-query><![CDATA[Select dni, nombre, apellidos
From alumnos
Where dni IN (Select alumno
              From alumnos_asignaturas
              Where asignatura=#[flowVars.id_asig])]]></db:parameterized-query>
		</db:select>
		<dw:transform-message doc:name="Transform Message" metadata:id="13b07d73-59b8-480b-97bf-cedb9c3b438e">
			<dw:set-payload><![CDATA[%dw 1.0
%output application/java
---
{
	nombre: flowVars.nombre,
	acronimo: flowVars.acronimo,
	anyo: flowVars.anyo as :string,
	id_asig: flowVars.id_asig,
	cuatrimestre: flowVars.cuatrimestre,
	creditos: flowVars.creditos as :string,
	alumnos: payload map ((payload01 , indexOfPayload01) -> {
		nombre: payload01.nombre,
		apellidos: payload01.apellidos,
		dni: payload01.dni
	})
}]]></dw:set-payload>
		</dw:transform-message>
		<choice doc:name="Choice">
			<when expression="#[flowVars.Accept=='application/xml']">
				<dw:transform-message doc:name="Transform Message" metadata:id="9f8d8906-bc3e-4e00-b4e2-bc2823cfa740">
					<dw:set-payload><![CDATA[%dw 1.0
%output application/xml
---
{
	asignatura: {
		nombre: payload.nombre,
		acronimo: payload.acronimo,
		id_asig: payload.id_asig,
		cuatrimestre: payload.cuatrimestre,
		creditos: payload.creditos,
		anyo: payload.anyo,
		alumnos: {
			(payload.alumnos map ((alumno , indexOfAlumno) -> {
				alumno: {
					dni: alumno.dni,
					nombre: alumno.nombre,
					apellidos: alumno.apellidos
				}
			}))
		}
	}
}]]></dw:set-payload>
				</dw:transform-message>
			</when>
			<otherwise>
				<json:object-to-json-transformer doc:name="Object to JSON"/>
			</otherwise>
		</choice>
	</flow>
	<flow name="GetDetallesAlumnos-Ejercicio7">
		<http:listener config-ref="HTTP_Listener_Configuration" path="/alumnos/{dni}" allowedMethods="GET" doc:name="HTTP"/>
		<set-variable variableName="Accept" value="#[message.inboundProperties.accept]" doc:name="Accept"/>
		<db:select config-ref="MySQL_Configuration" doc:name="Database">
			<db:parameterized-query><![CDATA[Select dni, nombre, apellidos
From Alumnos
Where dni=#[message.inboundProperties.'http.uri.params'.dni]]]></db:parameterized-query>
		</db:select>
		<set-variable variableName="dni" value="#[payload.get(0).dni]" doc:name="dni"/>
		<set-variable variableName="nombre" value="#[payload.get(0).nombre]" doc:name="nombre"/>
		<set-variable variableName="apellidos" value="#[payload.get(0).apellidos]" doc:name="apellidos"/>
		<dw:transform-message doc:name="Transform Message">
			<dw:set-payload><![CDATA[%dw 1.0
%output application/xml
%namespace ns0 http://iap/direccionPostal
---
{
	ns0#getDireccionPostal: {
		dni: flowVars.dni
	}
}]]></dw:set-payload>
		</dw:transform-message>
		<ws:consumer config-ref="Web_Service_Consumer" operation="getDireccionPostal" doc:name="Web Service Consumer"/>
		<dw:transform-message doc:name="Transform Message" metadata:id="9cf88ef2-4a7b-4714-b3f2-8fd165cf73bb">
			<dw:set-payload><![CDATA[%dw 1.0
%output application/java
%namespace ns0 http://iap/direccionPostal
---
{
	direccion: payload.parameters.direccion,
	codigoPostal: payload.parameters.codigoPostal,
	ciudad: payload.parameters.ciudad,
	provincia: payload.parameters.provincia
}]]></dw:set-payload>
		</dw:transform-message>
		<set-variable variableName="direccion" value="#[payload.direccion]" doc:name="direccion"/>
		<set-variable variableName="codigoPostal" value="#[payload.codigoPostal]" doc:name="codigoPostal"/>
		<set-variable variableName="ciudad" value="#[payload.ciudad]" doc:name="ciudad"/>
		<set-variable variableName="provincia" value="#[payload.provincia]" doc:name="provincia"/>
		<db:select config-ref="MySQL_Configuration" doc:name="Database">
			<db:parameterized-query><![CDATA[SELECT a.id_asig, a.acronimo, a.anyo,
round(avg(e.nota),2) as notalFinal
FROM asignaturas a, actos_evaluacion ae,
alumnos_grupos ag, entregas e
WHERE a.id_asig=ae.asignatura AND e.acto_ev=ae.id AND
e.grupo=ag.grupo AND ag.alumno=#[flowVars.dni]
GROUP BY a.id_asig;]]></db:parameterized-query>
		</db:select>
		<logger message="asigs: #[payload]" level="INFO" doc:name="Logger"/>
		<dw:transform-message doc:name="Transform Message" metadata:id="cfb56da3-df3f-4e02-9d56-0affbb9495cf">
			<dw:set-payload><![CDATA[%dw 1.0
%output application/java
---
{
	nombre: flowVars.nombre,
	apellidos: flowVars.apellidos,
	ciudad: flowVars.ciudad,
	codigoPostal: flowVars.codigoPostal,
	direccion: flowVars.direccion,
	dni: flowVars.dni,
	provincia: flowVars.provincia,
	asignaturas: payload map ((payload01 , indexOfPayload01) -> {
		acronimo: payload01.acronimo,
		anyo: payload01.anyo,
		id_asig: payload01.id_asig,
		notaFinal: payload01.notalFinal
	})
}]]></dw:set-payload>
		</dw:transform-message>
		<choice doc:name="Choice">
			<when expression="#[flowVars.Accept=='application/xml']">
				<dw:transform-message doc:name="Transform Message" metadata:id="3fa31807-8476-446d-84df-8436a7543e9c">
					<dw:set-payload><![CDATA[%dw 1.0
%output application/xml
---
{
	alumno: {
		nombre: payload.nombre,
		apellidos: payload.apellidos,
		dni: payload.dni,
		ciudad: payload.ciudad,
		provincia: payload.provincia,
		direccion: payload.direccion,
		codigoPostal: payload.codigoPostal,
		asignaturas: {
			(payload.asignaturas map ((asignatura , indexOfAsignatura) -> {
				asignatura: {
					acronimo: asignatura.acronimo,
					anyo: asignatura.anyo as :string,
					id_asig: asignatura.id_asig,
					notaFinal: asignatura.notaFinal as :string
				}
			}))
		}
	}
}]]></dw:set-payload>
				</dw:transform-message>
			</when>
			<otherwise>
				<json:object-to-json-transformer doc:name="Object to JSON"/>
			</otherwise>
		</choice>
	</flow>
	<flow name="PostPutDeleteEntregas-Ejercicio8y9">
		<http:listener config-ref="HTTP_Listener_Configuration" path="/entregas" allowedMethods="POST, PUT, DELETE" doc:name="HTTP"/>
		<choice doc:name="Choice">
			<when expression="#[message.inboundProperties.'http.method'=='DELETE']">
				<db:delete config-ref="MySQL_Configuration" doc:name="Database">
					<db:parameterized-query><![CDATA[Delete from entregas where acto_ev=#[message.inboundProperties.'http.query.params'.acto] and grupo=#[message.inboundProperties.'http.query.params'.grupo]]]></db:parameterized-query>
				</db:delete>
			</when>
			<otherwise>
				<flow-ref name="contenttype" doc:name="Content-Type"/>
				<choice doc:name="Choice">
					<when expression="#[message.inboundProperties.'http.method'=='PUT']">
						<db:update config-ref="MySQL_Configuration" doc:name="Database">
							<db:parameterized-query><![CDATA[Update entregas 
Set acto_ev=#[payload.acto], nota=#[payload.nota], grupo=#[payload.grupo]
Where id IN (Select id
			 From entregas
			 Where acto_ev=#[payload.acto] and grupo=#[payload.grupo])]]></db:parameterized-query>
						</db:update>
					</when>
					<otherwise>
						<db:insert config-ref="MySQL_Configuration" doc:name="Database">
							<db:parameterized-query><![CDATA[Insert into entregas(grupo, acto_ev, nota) values (#[payload.grupo], #[payload.acto], #[payload.nota])]]></db:parameterized-query>
						</db:insert>
					</otherwise>
				</choice>
			</otherwise>
		</choice>
	</flow>
	<sub-flow name="contenttype">
		<choice doc:name="Choice">
			<when expression="#[message.inboundProperties['Content-Type']=='application/xml']">
				<dw:transform-message doc:name="Transform Message" metadata:id="719fddb6-8c79-47a3-a6f7-f9e9da661086">
					<dw:input-payload mimeType="application/xml"/>
					<dw:set-payload><![CDATA[%dw 1.0
%output application/java
---
{
	acto: payload.entrega.acto,
	grupo: payload.entrega.grupo as :number,
	nota: payload.entrega.nota as :number
}]]></dw:set-payload>
				</dw:transform-message>
			</when>
			<otherwise>
				<dw:transform-message doc:name="Transform Message" metadata:id="a26cad38-3b20-49b8-a17e-655f7b4cc3f5">
					<dw:input-payload mimeType="application/json"/>
					<dw:set-payload><![CDATA[%dw 1.0
%output application/java
---
{
	acto: payload.acto,
	grupo: payload.grupo,
	nota: payload.nota
}]]></dw:set-payload>
				</dw:transform-message>
			</otherwise>
		</choice>
	</sub-flow>
</mule>
